[{
    "id": "17139_368265",
    "BlobPath": "course-docs/course-docs/content_797d0199-6db4-4c79-a745-133e515464d8.txt",
    "CategoryName": "EV",
    "SubCategoryName": "EV",
    "CourseID": "17139",
    "CourseTitle": "EV Course Syllabus",
    "UnitTitle": "EV Course Syllabus",
    "DocID": "368265",
    "DocTitle": "EV Course Syllabus",
    "SkillLevel": "Basic",
    "DocURL": "https://app.myigetit.com/Course/Display/368265?From=Search17139",
    "SubscriptionIDs": [
    ],
    "text_content": "The Electric Vehicle (EV) course provides a comprehensive overview of the core systems and components essential for designing, managing, and understanding electric vehicles. The course covers the following modules and topics: 1. Battery Pack Design for EVs: Basic Battery System Terminologies as per SAEJ1715 \n Introduction to Battery system for EV Applicatons \n Requirements For a EV Battery Pack \n International Standards for Battery Packs for xEV \n Different Battery Pack Design Configurations \n Selection and Sizing of Battery pack for EV applications \n Requirements of a high Voltage Battery Pack \n Requirements for a Battery Pack \n Physical Requirements for a Battery Pack \n Electrical Requirements for a Battery pack \n Environmental Requirements for a Battery pack \n Marking and Labeling of Battery pack \n Battery pack Thermal Design and Considerations \n Application of Adhesives sealants & HT materials \n Electrical and fire Safety Considerations \n Recycling and Reuse Considerations for Battery Pack \n Battery Failure Analysis Battery Pack – OEM Case Study \n Application of CAE in Battery Pack Development \n Recent Innovations in Battery pack Design \n Technology Roadmaps: Battery pack \n Summary – Design of Battery pack for EV Applications 2. Battery Management System in EV: \n BMS Course Overview \n Terminologies as per SAEJ1715 \n BMS Overview, Function & Specification Sheet \n BMS Topologies \n BMS Requirements \n Sensing and Monitoring Requirements \n Temperature Sensing Requirements \n Voltage Sensing Requirements \n Current Sensing Requirements \n Battery Pack Sensing & Monitoring Requirements \n Insulation Monitoring \n Thermal Runway Protection \n HVIL Control \n Overcurrent Protection \n Gas Sensing \n Water Leakage Detection \n Cell Balancing \n Estimation Requirements \n SOC Estimation \n SOH Estimation \n SOP Estimation \n Contactor Control \n Communication Protocols \n Diagnostic Requirements \n Functional Safety \n Application for MBD for BMS \n Key Recommendation for design of BMS \n Recent Developments up to 2023/2024,  3.High Voltage System in EV \n High Voltage Vehicle Safety & Li-Ion Battery Architecture \n Hazards - EV and HV Li-ion Battery Packs \n Training Requirements for HV EV and Li-Ion Battery Packs \n Technical and Management Responsibility \n What is Electric Shock / Electrical dangers & First AID \n Effects of sinusoidal alternating current \n Effects of DC on Human Body \n Exposure Time of Body to the Electricity \n Symptoms of an electric shock \n Electric shock first aid treatment \n The Five Safety Rules at a HV Vehicle Workplace \n HV XEV PPE, Tools and Equipment \n About PPE Kits \n Eye and Face Protection​ \n About Insulation gloves \n PPE Maintenance \n How to use Insulated Tools \n HV Vehicle Safety Systems​ \n High Voltage Interlock System​ \n HVIL design Requirements & Safety \n HV Isolation Fault Detection System \n DC Isolation Fault Detection \n AC Isolation Fault Detection \n Insulation Testing of HV \n Insulation Check and Diagnostic \n Active & Passive Bus Discharge Systems \n Active Bus Discharge Systems​ \n Passive Bus Discharge Systems \n Diagnostics for Bus Discharge Types \n IP Rating \n Safety Standards and Regulations \n ISO 6469 - Part 1, 2 & 3 \n ISO 7000 \n Factors affecting the HV system performance \n Galvanic Isolation Requirements \n Shielding and Grounding Considerations in XEVS \n Course Summary \n Lab Recorded Videos - 4W (TATA Tiago EV) \n HV - ILT Author Masterclass Recordings \n DIY Capstone Projects - HV",
    "text_embedding": [
      -0.006296728737652302,
      -0.005789858754724264,
      -0.01946711167693138,
      0.001291900873184204,
      0.03357705846428871,
      0.01344236172735691,
      -0.010129162110388279,
      0.028170444071292877,
      -0.008596188388764858,
      -0.020703380927443504
    ],
},

{
    "id": "17139_368265",
    "BlobPath": "course-docs/course-docs/content_797d0199-6db4-4c79-a745-133e515464d8.txt",
    "CategoryName": "CATIA V5",
    "SubCategoryName": "CATIA V5",
    "CourseID": "17139",
    "CourseTitle": "CATIA V5 Course Syllabus",
    "UnitTitle": "CATIA V5 Course Syllabus",
    "DocID": "368265",
    "DocTitle": "CATIA V5 Course Syllabus",
    "SkillLevel": "Basic",
    "DocURL": "https://app.myigetit.com/Course/Display/368265?From=Search17139",
    "SubscriptionIDs": [
    ],
    "text_content": "CATIA V5 Comprehensive Course Syllabus ## Module 1: Introduction to CATIA V5 - **Getting Started**: Overview of CATIA V5, including installation, user interface, and workbench navigation. - **Managing Files**: Understanding file types, operations, and effective file management strategies. - **Managing Geometry**: Techniques for selecting, deleting, and manipulating geometry within CATIA. ## Module 2: Sketching Fundamentals - **Basic Sketch-Based Features**: Introduction to sketching, including creating basic shapes and features like pads and pockets. - **Sketch Constraints and Dimensions**: Understanding constraints, dimensions, and how to apply them to sketches for parametric design. - **Sketch Geometry Creation**: Techniques for creating and editing various sketch geometries, including lines, arcs, and circles. ## Module 3: Advanced Sketching Techniques - **Advanced Sketch-Based Features**: Exploration of complex sketch features such as multi-section solids and ribs. - **Using Sketches Effectively**: Best practices for utilizing sketches in 3D modeling, including associative techniques and analysis. ## Module 4: Part Design - **Introduction to Part Design**: Overview of solid modeling intentions and the creation of complex parts. - **Boolean Operations**: Techniques for combining and modifying solid bodies using boolean operations like union, intersection, and subtraction. - **Managing Features**: Strategies for editing and managing features, including copying, pasting, and reordering. ## Module 5: Surface and Wireframe Modeling - **Surface-Based Features**: Introduction to surface modeling, including thick surfaces, close surfaces, and sewing surfaces. - **Swept Surfaces**: Techniques for creating swept surfaces using various profiles and paths. - **Analyzing Surfaces and Curves**: Tools for evaluating surface quality and curvature, including draft analysis and geometric information. ## Module 6: Assembly Design - **Basic Assemblies**: Understanding assembly structures, terminology, and creating bottom-up and top-down assemblies. - **Assembly Constraints**: Techniques for creating and modifying constraints to ensure proper assembly behavior. - **Working with Assemblies**: Best practices for managing and manipulating assembly components. ## Module 7: Advanced Modeling Techniques - **Power Copies**: Introduction to power copies for reusing features and geometry efficiently. - **Skeleton Modeling**: Techniques for creating and managing skeleton models for complex assemblies. - **Independent Feature Modeling**: Overview of independent feature development and its applications in design. ## Module 8: Evaluation and Analysis - **Evaluating the Model**: Tools for measuring and analyzing models, including inertia and part properties. - **Distance and Band Analysis**: Techniques for analyzing distances between components and ensuring proper fit. - **Interference Analysis**: Tools for detecting and resolving interferences in assemblies. ## Module 9: Manufacturing Considerations - **Basic Manufacturing Overview**: Introduction to CAM terminology and the CAD/CAM process. - **NC Management**: Overview of NC operations, including tool management and machining patterns. - **Auxiliary Operations**: Techniques for managing auxiliary operations in manufacturing processes. ## Module 10: Advanced Analysis Techniques - **Finite Element Analysis**: Fundamentals of FEA, including mesh creation, loads, and boundary conditions. - **Results Computation**: Techniques for computing and interpreting analysis results. - **Mesh Refinement**: Strategies for refining mesh quality to improve analysis accuracy. ## Module 11: Digital Mock-Up (DMU) - **Model Visualization**: Techniques for visualizing and manipulating models in a digital mock-up environment. - **Sectioning**: Tools for creating and manipulating sections to analyze internal features. - **Tools and Groups**: Overview of DMU tools for managing components and creating groups for better organization. ## Module 12: Project-Based Learnin - **Surfacing Projects**: Hands-on projects focusing on creating complex surfaces and shapes. - **Assembly Projects**: Practical exercises in creating and managing assemblies. - **Injection Molding Projects**: Application of design principles in creating parts suitable for injection molding. ## Module 13: Final Assessment and Review - **Unit Quizzes**: Assessments to evaluate understanding of key concepts and techniques. - **Capstone Project**: A comprehensive project that integrates all learned skills in a real-world application. - **Course Summary and Feedback**: Review of course content and collection of participant feedback for continuous improvement.",
    "text_embedding": [
      -0.006296728737652302,
      -0.005789858754724264,
      -0.01946711167693138,
      0.001291900873184204,
      0.03357705846428871,
      0.01344236172735691,
      -0.010129162110388279,
      0.028170444071292877,
      -0.008596188388764858,
      -0.020703380927443504
    ],
}
]

    