[
  {
    "id": "17139_368265",
    "BlobPath": "course-docs/course-docs/content_797d0199-6db4-4c79-a745-133e515464d8.txt",
    "CategoryName": "EV",
    "SubCategoryName": "EV",
    "CourseID": "17139",
    "CourseTitle": "EV Course Syllabus",
    "UnitTitle": "EV Course Syllabus",
    "DocID": "368265",
    "DocTitle": "EV Course Syllabus",
    "SkillLevel": "Basic",
    "DocURL": "https://appv2.myigetit.com/learning?Catalog-1?CategoryID=1945",
    "SubscriptionIDs": [],
    "text_content": "The Electric Vehicle (EV) course provides a comprehensive overview of the core systems and components essential for designing, managing, and understanding electric vehicles. The course covers the following modules and topics: 1. Battery Pack Design for EVs: Basic Battery System Terminologies as per SAEJ1715 \n Introduction to Battery system for EV Applicatons \n Requirements For a EV Battery Pack \n International Standards for Battery Packs for xEV \n Different Battery Pack Design Configurations \n Selection and Sizing of Battery pack for EV applications \n Requirements of a high Voltage Battery Pack \n Requirements for a Battery Pack \n Physical Requirements for a Battery Pack \n Electrical Requirements for a Battery pack \n Environmental Requirements for a Battery pack \n Marking and Labeling of Battery pack \n Battery pack Thermal Design and Considerations \n Application of Adhesives sealants & HT materials \n Electrical and fire Safety Considerations \n Recycling and Reuse Considerations for Battery Pack \n Battery Failure Analysis Battery Pack – OEM Case Study \n Application of CAE in Battery Pack Development \n Recent Innovations in Battery pack Design \n Technology Roadmaps: Battery pack \n Summary – Design of Battery pack for EV Applications 2. Battery Management System in EV: \n BMS Course Overview \n Terminologies as per SAEJ1715 \n BMS Overview, Function & Specification Sheet \n BMS Topologies \n BMS Requirements \n Sensing and Monitoring Requirements \n Temperature Sensing Requirements \n Voltage Sensing Requirements \n Current Sensing Requirements \n Battery Pack Sensing & Monitoring Requirements \n Insulation Monitoring \n Thermal Runway Protection \n HVIL Control \n Overcurrent Protection \n Gas Sensing \n Water Leakage Detection \n Cell Balancing \n Estimation Requirements \n SOC Estimation \n SOH Estimation \n SOP Estimation \n Contactor Control \n Communication Protocols \n Diagnostic Requirements \n Functional Safety \n Application for MBD for BMS \n Key Recommendation for design of BMS \n Recent Developments up to 2023/2024,  3.High Voltage System in EV \n High Voltage Vehicle Safety & Li-Ion Battery Architecture \n Hazards - EV and HV Li-ion Battery Packs \n Training Requirements for HV EV and Li-Ion Battery Packs \n Technical and Management Responsibility \n What is Electric Shock / Electrical dangers & First AID \n Effects of sinusoidal alternating current \n Effects of DC on Human Body \n Exposure Time of Body to the Electricity \n Symptoms of an electric shock \n Electric shock first aid treatment \n The Five Safety Rules at a HV Vehicle Workplace \n HV XEV PPE, Tools and Equipment \n About PPE Kits \n Eye and Face Protection​ \n About Insulation gloves \n PPE Maintenance \n How to use Insulated Tools \n HV Vehicle Safety Systems​ \n High Voltage Interlock System​ \n HVIL design Requirements & Safety \n HV Isolation Fault Detection System \n DC Isolation Fault Detection \n AC Isolation Fault Detection \n Insulation Testing of HV \n Insulation Check and Diagnostic \n Active & Passive Bus Discharge Systems \n Active Bus Discharge Systems​ \n Passive Bus Discharge Systems \n Diagnostics for Bus Discharge Types \n IP Rating \n Safety Standards and Regulations \n ISO 6469 - Part 1, 2 & 3 \n ISO 7000 \n Factors affecting the HV system performance \n Galvanic Isolation Requirements \n Shielding and Grounding Considerations in XEVS \n Course Summary \n Lab Recorded Videos - 4W (TATA Tiago EV) \n HV - ILT Author Masterclass Recordings \n DIY Capstone Projects - HV \n In order to see the course you can follow these steps: Step1: Visit the link: EV:   https://appv2.myigetit.com/learning?Catalog-1?CategoryID=1945 \n Step 2 : Search for the { category } and select the desired category \n Step 3 : Filter the subcategory \n Step 4 : Choose the course and start learning if you have the subscription or else purchase it from here https://appv2.myigetit.com/subscriptions?2  if you are the owner.",
    "text_embedding": [
      -0.006296728737652302,
      -0.005789858754724264,
      -0.01946711167693138,
      0.001291900873184204,
      0.03357705846428871,
      0.01344236172735691,
      -0.010129162110388279,
      0.028170444071292877,
      -0.008596188388764858,
      -0.020703380927443504
    ],
  },
  {
    "id": "17139_368265",
    "BlobPath": "course-docs/course-docs/content_797d0199-6db4-4c79-a745-133e515464d8.txt",
    "CategoryName": "CATIA V5",
    "SubCategoryName": "CATIA V5",
    "CourseID": "17139",
    "CourseTitle": "CATIA V5 Course Syllabus",
    "UnitTitle": "CATIA V5 Course Syllabus",
    "DocID": "368265",
    "DocTitle": "CATIA V5 Course Syllabus",
    "SkillLevel": "Basic",
    "DocURL": "https://appv2.myigetit.com/learning?Catalog-1?CategoryID=1",
    "SubscriptionIDs": [],
    "text_content": "CATIA V5 Comprehensive Course Syllabus ## Module 1: Introduction to CATIA V5 - **Getting Started**: Overview of CATIA V5, including installation, user interface, and workbench navigation. - **Managing Files**: Understanding file types, operations, and effective file management strategies. - **Managing Geometry**: Techniques for selecting, deleting, and manipulating geometry within CATIA. ## Module 2: Sketching Fundamentals - **Basic Sketch-Based Features**: Introduction to sketching, including creating basic shapes and features like pads and pockets. - **Sketch Constraints and Dimensions**: Understanding constraints, dimensions, and how to apply them to sketches for parametric design. - **Sketch Geometry Creation**: Techniques for creating and editing various sketch geometries, including lines, arcs, and circles. ## Module 3: Advanced Sketching Techniques - **Advanced Sketch-Based Features**: Exploration of complex sketch features such as multi-section solids and ribs. - **Using Sketches Effectively**: Best practices for utilizing sketches in 3D modeling, including associative techniques and analysis. ## Module 4: Part Design - **Introduction to Part Design**: Overview of solid modeling intentions and the creation of complex parts. - **Boolean Operations**: Techniques for combining and modifying solid bodies using boolean operations like union, intersection, and subtraction. - **Managing Features**: Strategies for editing and managing features, including copying, pasting, and reordering. ## Module 5: Surface and Wireframe Modeling - **Surface-Based Features**: Introduction to surface modeling, including thick surfaces, close surfaces, and sewing surfaces. - **Swept Surfaces**: Techniques for creating swept surfaces using various profiles and paths. - **Analyzing Surfaces and Curves**: Tools for evaluating surface quality and curvature, including draft analysis and geometric information. ## Module 6: Assembly Design - **Basic Assemblies**: Understanding assembly structures, terminology, and creating bottom-up and top-down assemblies. - **Assembly Constraints**: Techniques for creating and modifying constraints to ensure proper assembly behavior. - **Working with Assemblies**: Best practices for managing and manipulating assembly components. ## Module 7: Advanced Modeling Techniques - **Power Copies**: Introduction to power copies for reusing features and geometry efficiently. - **Skeleton Modeling**: Techniques for creating and managing skeleton models for complex assemblies. - **Independent Feature Modeling**: Overview of independent feature development and its applications in design. ## Module 8: Evaluation and Analysis - **Evaluating the Model**: Tools for measuring and analyzing models, including inertia and part properties. - **Distance and Band Analysis**: Techniques for analyzing distances between components and ensuring proper fit. - **Interference Analysis**: Tools for detecting and resolving interferences in assemblies. ## Module 9: Manufacturing Considerations - **Basic Manufacturing Overview**: Introduction to CAM terminology and the CAD/CAM process. - **NC Management**: Overview of NC operations, including tool management and machining patterns. - **Auxiliary Operations**: Techniques for managing auxiliary operations in manufacturing processes. ## Module 10: Advanced Analysis Techniques - **Finite Element Analysis**: Fundamentals of FEA, including mesh creation, loads, and boundary conditions. - **Results Computation**: Techniques for computing and interpreting analysis results. - **Mesh Refinement**: Strategies for refining mesh quality to improve analysis accuracy. ## Module 11: Digital Mock-Up (DMU) - **Model Visualization**: Techniques for visualizing and manipulating models in a digital mock-up environment. - **Sectioning**: Tools for creating and manipulating sections to analyze internal features. - **Tools and Groups**: Overview of DMU tools for managing components and creating groups for better organization. ## Module 12: Project-Based Learnin - **Surfacing Projects**: Hands-on projects focusing on creating complex surfaces and shapes. - **Assembly Projects**: Practical exercises in creating and managing assemblies. - **Injection Molding Projects**: Application of design principles in creating parts suitable for injection molding. ## Module 13: Final Assessment and Review - **Unit Quizzes**: Assessments to evaluate understanding of key concepts and techniques. - **Capstone Project**: A comprehensive project that integrates all learned skills in a real-world application. - **Course Summary and Feedback**: Review of course content and collection of participant feedback for continuous improvement. \n In order to see the course you can follow these steps: Step1: Visit the link: CATIA: https://appv2.myigetit.com/learning?Catalog-1?CategoryID=1 \n Step 2 : Search for the { category } and select the desired category \n Step 3 : Filter the subcategory \n Step 4 : Choose the course and start learning if you have the subscription or else purchase it from here https://appv2.myigetit.com/subscriptions?2  if you are the owner.",
    "text_embedding": [
      -0.006296728737652302,
      -0.005789858754724264,
      -0.01946711167693138,
      0.001291900873184204,
      0.03357705846428871,
      0.01344236172735691,
      -0.010129162110388279,
      0.028170444071292877,
      -0.008596188388764858,
      -0.020703380927443504
    ],
  },
  {
    "id": "17139_368265",
    "BlobPath": "course-docs/course-docs/content_797d0199-6db4-4c79-a745-133e515464d8.txt",
    "CategoryName": "NX",
    "SubCategoryName": "NX",
    "CourseID": "17139",
    "CourseTitle": "NX Course Syllabus",
    "UnitTitle": "NX Course Syllabus",
    "DocID": "368265",
    "DocTitle": "NX Course Syllabus",
    "SkillLevel": "Basic",
    "DocURL": "https://appv2.myigetit.com/learning?Catalog-1?CategoryID=2",
    "SubscriptionIDs": [],
    "text_content": "# NX Course Syllabus  ## Course Overview This comprehensive course is designed for advanced users of Siemens NX, focusing on multi-axis machining, advanced manufacturing techniques, and the integration of design and manufacturing processes. Participants will gain hands-on experience through practical projects and exercises, enhancing their skills in various aspects of mechanical design and manufacturing.  ---  ### Module 1: Advanced Drilling and Planar Milling **Overview:** This module introduces advanced techniques in multi-axis milling and drilling, focusing on creating complex operations and optimizing machining processes.  1. **Multi Axis Milling and Drilling Introduction**      Introduction to the principles and applications of multi-axis milling and drilling.  2. **Multi Axis Drilling Operation Creation**      Step-by-step creation of multi-axis drilling operations.  3. **Multi-Axis Drilling using Hole Making**      Techniques for utilizing hole-making features in multi-axis drilling.  4. **Parameter Sets**      Understanding and creating parameter sets for machining operations.  5. **Creating an In Process Workpiece**      Methods for defining and managing in-process workpieces.  6. **IPW in Cavity Milling - Creating and Using**      Techniques for creating and utilizing in-process workpieces in cavity milling.  7. **Thread Milling Multiple Locations**      Strategies for efficiently milling threads at multiple locations.  8. **Text Engraving - Planar**      Techniques for planar text engraving on workpieces.  9. **4 Axis Planar Milling**      Introduction to 4-axis planar milling operations.  10. **4 Axis Drill**       Creating and managing 4-axis drilling operations.  11. **4 axis drilling using features**       Utilizing features for 4-axis drilling operations.  12. **5 Axis Drill**       Advanced techniques for 5-axis drilling operations.  13. **Using Avoid when Drilling**       Strategies for avoiding obstacles during drilling operations.  14. **Custom Boundary**       Creating and using custom boundaries in machining.  15. **Facing - Multi Axis**       Techniques for multi-axis facing operations.  16. **Cavity Core**       Understanding and creating cavity core operations.  17. **T Cutter Operations**       Techniques for using T cutters in machining.  18. **Marker Usage**       Utilizing markers for improved machining accuracy.  ---  ### Module 2: Advanced Manufacturing Introduction **Overview:** This module provides an introduction to advanced manufacturing concepts and their applications in NX.  1. **Advanced Manufacturing Course Introduction**      Overview of the course objectives and structure.  ---  ### Module 3: Machine Data Libraries **Overview:** This module covers the creation and management of machining data libraries to optimize manufacturing processes.  1. **Introduction to Machining Data Libraries**      Understanding the purpose and benefits of machining data libraries.  2. **Machining Data**      Overview of various types of machining data and their applications.  3. **Customizing the Cut Method**      Techniques for customizing cutting methods in machining.  4. **Importing Library Data from Spreadsheets**      Methods for importing machining data from external sources.  5. **Set Machining Data**      Setting and managing machining data for operations.  ---  ### Module 4: Manufacturing Assemblies **Overview:** This module focuses on the use of assemblies in manufacturing processes, enhancing collaboration and efficiency.  1. **Manufacturing Assemblies Introduction**      Overview of manufacturing assemblies and their importance.  2. **Using Assemblies for Manufacturing**      Techniques for utilizing assemblies in manufacturing workflows.  3. **Using a CAM Assembly**      Creating and managing CAM assemblies for machining.  4. **Transferring IPW**      Methods for transferring in-process workpieces between assemblies.  ---  ### Module 5: Multi Axis Z-level **Overview:** This module explores Z-level machining techniques in multi-axis environments.  1. **Z Level Multi Axis (5 Axis)**      Introduction to Z-level machining in a 5-axis context.  2. **Z-Level Short Tool-Tilt Methods**      Techniques for optimizing tool tilt in Z-level operations.  3. **Multi-axis Z-level**      Advanced strategies for multi-axis Z-level machining.  ---  ### Module 6: Sequential Milling **Overview:** This module covers sequential milling techniques, focusing on tool path creation and optimization.  1. **Sequential Milling Unit Introduction**      Overview of sequential milling concepts and applications.  2. **Sequential Mill Tool Path Creation**      Step-by-step guide to creating sequential mill tool paths.  3. **Sequential Mill Concepts**      Understanding the principles behind sequential milling.  4. **Sequential Mill Options**      Exploring various options available in sequential milling.  5. **Sequential Mill Engage Motion**      Techniques for engaging motion in sequential milling.  6. **Sequential Mill Engage Display Tool**      Displaying tools during sequential milling operations.  7. **Point to Point Motion**      Techniques for point-to-point motion in milling.  8. **Continuous Path**      Understanding continuous path motion in milling.  9. **Retract**      Techniques for retracting tools during milling operations.  10. **Sequential Mill**       Overview of sequential milling operations.  11. **Loop Control**       Managing loop control in sequential milling processes.  ---  ### Module 7: Surface Contouring - Drive Methods **Overview:** This module focuses on surface contouring techniques using various drive methods.  1. **Surface Contouring Drive Methods Introduction**      Overview of drive methods used in surface contouring.  2. **Drive Method**      Understanding different drive methods for contouring.  3. **Cut Area for Surface Contouring**      Techniques for defining cut areas in surface contouring.  4. **Drive Method - Curve/Point**      Utilizing curves and points in drive methods.  5. **3 Axis Drive Curve**      Techniques for creating 3-axis drive curves.  6. **Drive Method - Spiral**      Creating spiral drive operations for contouring.  7. **Creating Spiral Drive Operation**      Step-by-step guide to creating spiral drive operations.  8. **Drive Method - Boundary plus boundary cut patterns**      Utilizing boundaries in drive methods.  9. **Create Boundary Drive Method**      Techniques for creating boundary drive methods.  10. **Using Boundary to Control cut areas**       Controlling cut areas using boundaries.  11. **Cut Patterns**       Understanding and creating cut patterns in contouring.  12. **Cut Parameters**       Setting parameters for cutting operations.  13. **Creating Curve Drive operation using Boundary Drive method**       Techniques for creating curve drive operations.  14. **Mill Area 1**       Overview of milling area techniques.  15. **Text Engraving - Contour**       Techniques for contour text engraving.  16. **Tool Holder**       Understanding tool holder configurations.  17. **Streamline Drive Method**       Techniques for streamlining drive methods.  18. **Drive Method - Tool Path**       Creating tool paths using drive methods.  19. **Tool Path Drive**       Overview of tool path driving techniques.  20. **Drive Method - Radial Cut**       Techniques for radial cutting in contouring.  21. **Radial Cut**       Understanding radial cutting operations.  22. **Radial Cut Another View**       Exploring alternative views of radial cutting.  23. **Drive Method - Flow Cut**       Techniques for flow cutting in contouring.  24. **Flow Cut Reference Tool**       Utilizing reference tools in flow cutting.  25. **Flow Cut - Defining the cutting order**       Managing cutting order in flow cutting.  26. **Flow Cut modifying Regions**       Modifying regions in flow cutting operations.  27. **Drive Method Guiding Curves**       Utilizing guiding curves in drive methods.  28. **Using Guiding Curves**       Techniques for using guiding curves in contouring.  ---  ### Module 8: Surface Contouring - Fixed Axis **Overview:** This module covers fixed-axis surface contouring techniques and their applications.  1. **Surface Contouring - Fixed Axis Unit Introduction**      Overview of fixed-axis surface contouring.  2. **Surface Contouring Requirements and Concepts**      Understanding the requirements for fixed-axis contouring.  3. **Cutting Parameters - Surface Contouring**      Setting cutting parameters for fixed-axis operations.  4. **Non Cutting Moves - Surface Contouring**      Managing non-cutting moves in contouring.  5. **Fixed Contour Operation Creation**      Techniques for creating fixed contour operations.  6. **Non-Cut Moves**      Understanding non-cut moves in contouring.  ---  ### Module 9: Surface Contouring - Variable Axis **Overview:** This module focuses on variable-axis surface contouring techniques.  1. **Surface Contouring - Variable Axis Unit Introduction**      Overview of variable-axis contouring techniques.  2. **Drive Method - Surface Area**      Techniques for driving surface areas in contouring.  3. **Surface Area**      Understanding surface area considerations in contouring.  4. **Surface Area with Multiple Faces**      Techniques for contouring surfaces with multiple faces.  5. **Variable-Axis Streamline**      Creating streamline operations in variable-axis contouring.  6. **Interpolated Tool Axis**      Techniques for interpolating tool axes in contouring.  7. **Multi Axis Drive Curve**      Creating multi-axis drive curves for contouring.  8. **Drive Method - Contour Profile**      Techniques for contour profiling in variable-axis operations.  9. **Contour Profile**      Understanding contour profiles in machining.  10. **Rotary Floor**       Techniques for rotary floor operations in contouring.  11. **Using Guide Curves in Variable axis**       Utilizing guide curves in variable-axis contouring.  ---  ### Module 10: Templates **Overview:** This module covers the creation and management of templates for efficient design and manufacturing processes.  1. **Templates Unit Introduction**      Overview of templates and their applications.  2. **Templates**      Understanding different types of templates.  3. **Template File Creation**      Techniques for creating template files.  4. **Template Project**      Hands-on project for creating and using templates.  ---  ### Module 11: Tool Axis Examples **Overview:** This module provides practical examples of tool axis configurations in machining.  1. **Tools Axis Introduction**      Overview of tool axis concepts.  2. **Tool Axis**      Understanding tool axis configurations.  3. **Surface Area -- Tool Axis away from line**      Techniques for positioning tool axes away from lines.  4. **Surface Area -- Tool Axis Normal to Drive Surface**      Configuring tool axes normal to drive surfaces.  5. **Tool Axis Normal to Drive --- with no part defined**      Techniques for defining tool axes without a part.  6. **Drive Surface -- Tool Axis toward a point**      Configuring tool axes toward specific points.  7. **Drive curve -- Tool axis away from line**      Techniques for positioning tool axes away from curves.  8. **Tool Axis Normal to Part**      Configuring tool axes normal to parts.  ---  ### Module 12: Z Level Operations **Overview:** This module focuses on Z-level operations and their applications in machining.  1. **Z Level Unit Introduction**      Overview of Z-level operations.  2. **Manufacturing Geometry**      Understanding manufacturing geometry in Z-level operations.  3. **Surface Regions**      Techniques for defining surface regions in machining.  4. **Z Level Cut Parameters**      Setting cut parameters for Z-level operations.  5. **Z Level Operation Creation**      Techniques for creating Z-level operations.  6. **Z-level using rectangular select**      Utilizing rectangular selection in Z-level operations.  7. **Z-Level Cut Below Tool Contact**      Techniques for cutting below tool contact levels.  8. **Z Level Operations Using the Reference Tool**      Utilizing reference tools in Z-level operations.  9. **Z-Level Optimized Cut Levels**      Optimizing cut levels in Z-level operations.  10. **Z-level Gap Machining**       Techniques for gap machining in Z-level operations.  11. **Z Level Project**       Hands-on project for applying Z-level techniques.  12. **Core Machining Project 2**       Advanced project focusing on core machining techniques.  ---  ### Conclusion This syllabus provides a structured approach to mastering advanced mechanical design and manufacturing techniques using Siemens NX. Participants will engage in hands-on projects, enhancing their skills and preparing them for real-world applications in mechanical design and manufacturing.  \n In order to see the course you can follow these steps: Step1: Visit the link: NX: https://appv2.myigetit.com/learning?Catalog-1?CategoryID=2 \n Step 2 : Search for the { category } and select the desired category \n Step 3 : Filter the subcategory \n Step 4 : Choose the course and start learning if you have the subscription or else purchase it from here https://appv2.myigetit.com/subscriptions?2  if you are the owner.",
    "text_embedding": [-0.006296728737652302,-0.005789858754724264,-0.01946711167693138,
    0.001291900873184204,
    0.03357705846428871,
    0.01344236172735691,
    -0.010129162110388279,
    0.028170444071292877,
    -0.008596188388764858,
    -0.020703380927443504
  ],
}
]





